"","bweyale_tc","kigumba","kigumba_tc","kiryandongo","kiryandongo_tc","mutunda"
"0",1,0.818181818181818,1,0.846153846153846,0.875,0.766666666666667
"1",0,0.181818181818182,0,0.153846153846154,0.125,0.233333333333333
