"","bweyale_tc","kigumba","kigumba_tc","kiryandongo","kiryandongo_tc","mutunda"
"0",0.25,0.274509803921569,1,0.394230769230769,0.421052631578947,0.23728813559322
"1",0.75,0.725490196078431,0,0.605769230769231,0.578947368421053,0.76271186440678
