"","bweyale_tc","kigumba","kigumba_tc","kiryandongo","kiryandongo_tc","mutunda"
"0",1,0.823529411764706,1,0.884615384615385,1,0.898305084745763
"1",0,0.176470588235294,0,0.115384615384615,0,0.101694915254237
