"","bweyale_tc","kigumba","kigumba_tc","kiryandongo","kiryandongo_tc","mutunda"
"0",0.5,0.392156862745098,0.333333333333333,0.413461538461538,0.368421052631579,0.593220338983051
"1",0.5,0.607843137254902,0.666666666666667,0.586538461538462,0.631578947368421,0.406779661016949
