"","bweyale_tc","kigumba","kigumba_tc","kiryandongo","kiryandongo_tc","mutunda"
"0",1,0.333333333333333,NA,0.454545454545455,1,0.75
"1",0,0.666666666666667,NA,0.545454545454545,0,0.25
