"","bweyale_tc","kigumba","kigumba_tc","kiryandongo","kiryandongo_tc","mutunda"
"0",1,0.928571428571429,1,0.980769230769231,1,1
"1",0,0.0714285714285714,0,0.0192307692307692,0,0
