"","bweyale_tc","kigumba","kigumba_tc","kiryandongo","kiryandongo_tc","mutunda"
"0",1,0.980392156862745,1,1,0.947368421052632,1
"1",0,0.0196078431372549,0,0,0.0526315789473684,0
