"","bweyale_tc","kigumba","kigumba_tc","kiryandongo","kiryandongo_tc","mutunda"
"0",0,0.666666666666667,0.5,0.552631578947368,0.333333333333333,0.5
"1",1,0.333333333333333,0.5,0.447368421052632,0.666666666666667,0.5
