"","dahuk","ninewa"
"0",0.34375,0.5
"1",0.21875,0
"2",0.21875,0
"3",0.09375,0
"N/A",0.125,0.5
