"","dahuk","ninewa"
"467000",0.03125,0
"468000",0.84375,0.5
"N/A",0.125,0.5
