"","dahuk","ninewa"
"1",0.1875,0
"7",0.40625,0
"8",0.0625,0
"11",0.34375,1
