"","dahuk","ninewa"
"1",0.03125,0
"2",0.1875,0.5
"3",0.125,0
"4",0.15625,0
"5",0.15625,0
"6",0.125,0
"7",0.09375,0
"N/A",0.125,0.5
