"","dahuk","ninewa"
"200000",0.03125,0
"460000",0.03125,0
"467000",0.03125,0
"468000",0.78125,0.5
"N/A",0.125,0.5
