"","dahuk","ninewa"
"0",0.75,0.5
"100000",0.03125,0
"225000",0.03125,0
"50000",0.03125,0
"70000",0.03125,0
"N/A",0.125,0.5
