"","female","male"
"0",0.704761904761905,0.645669291338583
"1",0.238095238095238,0.228346456692913
"2",0.0571428571428571,0.078740157480315
"3",0,0.015748031496063
"4",0,0.031496062992126
