"","female","male"
"no",0.324074074074074,0.386363636363636
"yes",0.675925925925926,0.613636363636364
