"","female","male"
"",0.0277777777777778,0
"no",0.888888888888889,0.856060606060606
"yes",0.0833333333333333,0.143939393939394
