"","female","male"
"no",0.157407407407407,0.151515151515152
"yes",0.842592592592593,0.848484848484849
