"","female","male"
"no",0.944444444444444,0.916666666666667
"yes",0.0555555555555556,0.0833333333333333
