"","female","male"
"",0.944444444444444,0.916666666666667
"no",0.0185185185185185,0.0151515151515152
"yes",0.037037037037037,0.0681818181818182
