"","female","male"
"",0.981481481481482,0.984848484848485
"lost",0.00925925925925926,0.0151515151515152
"other",0.00925925925925926,0
