"","female","male"
"no",0.694444444444444,0.568181818181818
"yes",0.305555555555556,0.431818181818182
