"","female","male"
"",0.12962962962963,0.0909090909090909
"no",0.240740740740741,0.295454545454545
"yes",0.62962962962963,0.613636363636364
