"","female","male"
"no",0.0277777777777778,0.0151515151515152
"yes",0.972222222222222,0.984848484848485
