"","female","male"
"0",0.934426229508197,0.941176470588235
"1",0.0655737704918033,0.0470588235294118
"2",0,0.0117647058823529
