"","female","male"
"0",0.546296296296296,0.560606060606061
"1",0.453703703703704,0.439393939393939
