"","female","male"
"0",0.990740740740741,1
"1",0.00925925925925926,0
