"","female","male"
"0",0.537037037037037,0.522727272727273
"1",0.462962962962963,0.477272727272727
