"","female","male"
"0",0.944444444444444,0.984848484848485
"1",0.0555555555555556,0.0151515151515152
