"","female","male"
"0",0.703703703703704,0.742424242424242
"1",0.296296296296296,0.257575757575758
