"","female","male"
"0",0.944444444444444,0.954545454545455
"1",0.0555555555555556,0.0454545454545455
