"","female","male"
"0",0.972222222222222,0.931818181818182
"1",0.0277777777777778,0.0681818181818182
