"","female","male"
"0",0.777777777777778,0.787878787878788
"1",0.222222222222222,0.212121212121212
