"","female","male"
"0",0.462962962962963,0.545454545454545
"1",0.537037037037037,0.454545454545455
