"","female","male"
"0",0.462962962962963,0.462121212121212
"1",0.537037037037037,0.537878787878788
