"","female","male"
"0",0.894230769230769,0.976190476190476
"1",0.0769230769230769,0.00793650793650794
"2",0.0192307692307692,0.00793650793650794
"3",0.00961538461538462,0.00793650793650794
