"","female","male"
"0",0.932692307692308,0.968253968253968
"1",0.0480769230769231,0.0238095238095238
"3",0.0192307692307692,0.00793650793650794
