"","female","male"
"0",0.846153846153846,0.849206349206349
"1",0.153846153846154,0.142857142857143
"2",0,0.00793650793650794
