"","female","male"
"0",0.778846153846154,0.785714285714286
"1",0.173076923076923,0.174603174603175
"2",0.0480769230769231,0.0317460317460317
"3",0,0.00793650793650794
