"","female","male"
"0",0.788461538461538,0.880952380952381
"1",0.173076923076923,0.0952380952380952
"2",0.0288461538461538,0.0158730158730159
"3",0.00961538461538462,0.00793650793650794
