"","female","male"
"0",0.884615384615385,0.880952380952381
"1",0.0769230769230769,0.0873015873015873
"2",0.0288461538461538,0.0238095238095238
"3",0.00961538461538462,0.00793650793650794
