"","female","male"
"",0.0185185185185185,0.0151515151515152
"no",0.805555555555556,0.795454545454545
"yes",0.175925925925926,0.189393939393939
