"","female","male"
"no",0.509259259259259,0.409090909090909
"yes",0.490740740740741,0.590909090909091
