"","female","male"
"",0.037037037037037,0.0454545454545455
"no",0.722222222222222,0.696969696969697
"yes",0.240740740740741,0.257575757575758
