"","female","male"
"",0.111111111111111,0.128787878787879
"no",0.731481481481482,0.712121212121212
"yes",0.157407407407407,0.159090909090909
