"","female","male"
"0",0.663157894736842,0.579831932773109
"1",0.315789473684211,0.327731092436975
"2",0.0210526315789474,0.0504201680672269
"3",0,0.0336134453781513
"4",0,0.00840336134453781
