"","female","male"
"1",0,0.00757575757575758
"2",0.0185185185185185,0
"5",0,0.00757575757575758
"6",0.00925925925925926,0
"7",0.972222222222222,0.984848484848485
