"","female","male"
"",0.12962962962963,0.0909090909090909
"no",0.0185185185185185,0.0151515151515152
"yes",0.851851851851852,0.893939393939394
