"","female","male"
"0",0.703296703296703,0.630252100840336
"1",0.274725274725275,0.327731092436975
"2",0.010989010989011,0.0252100840336134
"3",0.010989010989011,0
"4",0,0.0168067226890756
