"","female","male"
"1",0.915094339622642,0.969230769230769
"2",0.0566037735849057,0.0307692307692308
"3",0.00943396226415094,0
"4",0.0188679245283019,0
