"","female","male"
"0",0.884615384615385,0.741935483870968
"1",0.115384615384615,0.0967741935483871
"2",0,0.0967741935483871
"3",0,0.0645161290322581
