"","female","male"
"1",0.928571428571429,0.933333333333333
"2",0.0714285714285714,0.0444444444444444
"3",0,0.0222222222222222
