"","female","male"
"",0.490740740740741,0.439393939393939
"no",0.0925925925925926,0.143939393939394
"no_answer",0.0185185185185185,0.0454545454545455
"yes",0.398148148148148,0.371212121212121
