"","female","male"
"0",0.819672131147541,0.823529411764706
"1",0.180327868852459,0.176470588235294
