"","female","male"
"0",0.842592592592593,0.818181818181818
"1",0.138888888888889,0.174242424242424
"2",0.0185185185185185,0.00757575757575758
