"","female","male"
"0",0.62962962962963,0.659090909090909
"1",0.287037037037037,0.28030303030303
"2",0.0740740740740741,0.053030303030303
"3",0.00925925925925926,0.00757575757575758
