"","female","male"
"0",0.574074074074074,0.553030303030303
"1",0.388888888888889,0.340909090909091
"2",0.0185185185185185,0.0833333333333333
"3",0,0.0227272727272727
"4",0.0185185185185185,0
