"","female","male"
"0",0.842592592592593,0.840909090909091
"1",0.157407407407407,0.159090909090909
