"","female","male"
"0",0.962962962962963,0.984848484848485
"1",0.037037037037037,0.0151515151515152
