"","female","male"
"0",0.675925925925926,0.659090909090909
"1",0.324074074074074,0.340909090909091
