"","female","male"
"0",0.703703703703704,0.75
"1",0.296296296296296,0.25
