"","female","male"
"0",0.953703703703704,0.962121212121212
"1",0.0462962962962963,0.0378787878787879
