"","female","male"
"0",1,0.984848484848485
"1",0,0.0151515151515152
