"","female","male"
"0",0.981481481481482,0.984848484848485
"1",0.0185185185185185,0.0151515151515152
