"","female","male"
"0",0.694444444444444,0.681818181818182
"1",0.305555555555556,0.318181818181818
