"","female","male"
"no",1,0.992424242424242
"no_answer",0,0.00757575757575758
