"","female","male"
"0",0.907407407407407,0.96969696969697
"1",0.0925925925925926,0.0303030303030303
