"","female","male"
"0",0.259259259259259,0.287878787878788
"1",0.740740740740741,0.712121212121212
