"","female","male"
"0",0.657407407407407,0.810606060606061
"1",0.342592592592593,0.189393939393939
