"","female","male"
"0",0.898148148148148,0.954545454545455
"1",0.101851851851852,0.0454545454545455
