"","female","male"
"0",0.37037037037037,0.325757575757576
"1",0.62962962962963,0.674242424242424
