"","female","male"
"0",0.87962962962963,0.977272727272727
"1",0.12037037037037,0.0227272727272727
