"","female","male"
"0",0.111111111111111,0.113636363636364
"1",0.888888888888889,0.886363636363636
