"","female","male"
"0",0.212962962962963,0.21969696969697
"1",0.787037037037037,0.78030303030303
