"","female","male"
"no",0.231481481481481,0.0378787878787879
"yes",0.768518518518518,0.962121212121212
