"","female","male"
"no",0.101851851851852,0.0681818181818182
"yes",0.898148148148148,0.931818181818182
