"","female","male"
"no",0.435185185185185,0.356060606060606
"yes",0.564814814814815,0.643939393939394
