"","female","male"
"0",0.885245901639344,0.847058823529412
"1",0.0819672131147541,0.141176470588235
"2",0.0163934426229508,0.0117647058823529
"3",0.0163934426229508,0
