"","female","male"
"no",0.00925925925925926,0.0227272727272727
"under_construction",0.12962962962963,0.0606060606060606
"yes",0.861111111111111,0.916666666666667
