"","female","male"
"",0,0.00757575757575758
"no",0.296296296296296,0.227272727272727
"yes",0.703703703703704,0.765151515151515
