"","female","male"
"",0.305555555555556,0.234848484848485
"no",0.685185185185185,0.75
"yes",0.00925925925925926,0.0151515151515152
