"","female","male"
"",0.768518518518518,0.962121212121212
"female",0.0185185185185185,0.00757575757575758
"male",0.212962962962963,0.0303030303030303
