"","female","male"
"no",0.509259259259259,0.416666666666667
"no_answer",0.00925925925925926,0
"yes",0.481481481481481,0.583333333333333
