"","female","male"
"0",0.836065573770492,0.811764705882353
"1",0.147540983606557,0.141176470588235
"2",0.0163934426229508,0.0352941176470588
"3",0,0.0117647058823529
