"","female","male"
"no",0.87962962962963,0.893939393939394
"yes",0.12037037037037,0.106060606060606
