"","female","male"
"0",0.758620689655172,0.797101449275362
"1",0.241379310344828,0.202898550724638
