"","female","male"
"0",0.793103448275862,0.869565217391304
"1",0.206896551724138,0.130434782608696
