"","female","male"
"0",0.551724137931034,0.420289855072464
"1",0.448275862068966,0.579710144927536
