"","female","male"
"0",0.982758620689655,0.971014492753623
"1",0.0172413793103448,0.0289855072463768
