"","female","male"
"0",0.793103448275862,0.956521739130435
"1",0.206896551724138,0.0434782608695652
