"","female","male"
"0",0.810344827586207,0.840579710144927
"1",0.189655172413793,0.159420289855072
