"","female","male"
"0",0.982758620689655,1
"1",0.0172413793103448,0
