"","female","male"
"0",0.793103448275862,0.782608695652174
"1",0.206896551724138,0.217391304347826
