"","female","male"
"0",0.982758620689655,0.956521739130435
"1",0.0172413793103448,0.0434782608695652
