"","female","male"
"1",0.878048780487805,0.9
"2",0.121951219512195,0.08
"3",0,0.02
