"","female","male"
"",0.490740740740741,0.439393939393939
"no",0.101851851851852,0.151515151515152
"no_answer",0.0185185185185185,0.0151515151515152
"yes",0.388888888888889,0.393939393939394
