"","female","male"
"no",0.12962962962963,0.0378787878787879
"yes",0.87037037037037,0.962121212121212
