"","female","male"
"all_access_some_use",0.0462962962962963,0.0227272727272727
"all_members",0.824074074074074,0.833333333333333
"no_members",0.0185185185185185,0.0151515151515152
"some_members",0.111111111111111,0.128787878787879
