"","female","male"
"0",0.888888888888889,0.875
"1",0.111111111111111,0.125
