"","female","male"
"",1,0.984848484848485
"no",0,0.0151515151515152
