"","female","male"
"0",0.888888888888889,1
"1",0.111111111111111,0
