"","female","male"
"0",0.444444444444444,0.5
"1",0.555555555555556,0.5
