"","female","male"
"0",0.777777777777778,0.75
"1",0.222222222222222,0.25
