"","female","male"
"0",0.972222222222222,1
"1",0.0277777777777778,0
