"","female","male"
"0",0.990740740740741,0.954545454545455
"1",0.00925925925925926,0.0454545454545455
