"","female","male"
"0",0.944444444444444,0.901515151515151
"1",0.0555555555555556,0.0984848484848485
