"","female","male"
"0",0.472222222222222,0.560606060606061
"1",0.527777777777778,0.439393939393939
