"","female","male"
"0",0.805555555555556,0.78030303030303
"1",0.194444444444444,0.21969696969697
