"","female","male"
"no",0.388888888888889,0.333333333333333
"yes",0.611111111111111,0.666666666666667
