"","female","male"
"0",0.759259259259259,0.712121212121212
"1",0.240740740740741,0.287878787878788
