"","female","male"
"0",0.740740740740741,0.840909090909091
"1",0.259259259259259,0.159090909090909
