"","female","male"
"0",0.546296296296296,0.5
"1",0.37037037037037,0.356060606060606
"2",0.0740740740740741,0.0984848484848485
"3",0,0.0378787878787879
"4",0.00925925925925926,0.00757575757575758
