"","female","male"
"0",0.888888888888889,0.871212121212121
"1",0.111111111111111,0.128787878787879
