"","female","male"
"no",0.490740740740741,0.401515151515151
"no_answer",0.00925925925925926,0.00757575757575758
"yes",0.5,0.590909090909091
