"","female","male"
"no",0.537037037037037,0.462121212121212
"yes",0.462962962962963,0.537878787878788
