"","female","male"
"",0.0185185185185185,0.0151515151515152
"no",0.203703703703704,0.204545454545455
"yes_saw_card",0.296296296296296,0.25
"yes_without_card",0.481481481481481,0.53030303030303
