"","female","male"
"0",0.296296296296296,0.371212121212121
"1",0.703703703703704,0.628787878787879
