"","female","male"
"0",0.694444444444444,0.742424242424242
"1",0.305555555555556,0.257575757575758
