"","female","male"
"0",0.703703703703704,0.856060606060606
"1",0.296296296296296,0.143939393939394
