"","female","male"
"0",0.814814814814815,0.840909090909091
"1",0.185185185185185,0.159090909090909
