"","female","male"
"0",0.907407407407407,0.871212121212121
"1",0.0925925925925926,0.128787878787879
