"","female","male"
"0",0.981481481481482,0.977272727272727
"1",0.0185185185185185,0.0227272727272727
