"","female","male"
"0",0.638888888888889,0.515151515151515
"1",0.361111111111111,0.484848484848485
