"","female","male"
"0",0.990740740740741,0.992424242424242
"1",0.00925925925925926,0.00757575757575758
