"","female","male"
"0",0.425925925925926,0.46969696969697
"1",0.574074074074074,0.53030303030303
