"","female","male"
"",0.981481481481482,0.984848484848485
"inaccessibility_of_land",0.00925925925925926,0
"other",0.00925925925925926,0.0151515151515152
