"","female","male"
"0",0.857142857142857,0.833333333333333
"1",0.142857142857143,0.166666666666667
