"","female","male"
"0",0.428571428571429,0.333333333333333
"1",0.571428571428571,0.666666666666667
