"","female","male"
"0",1,0.833333333333333
"1",0,0.166666666666667
