"","female","male"
"0",0.142857142857143,1
"1",0.857142857142857,0
