"","female","male"
"1",0.916666666666667,0.953488372093023
"2",0.0833333333333333,0.0232558139534884
"3",0,0.0232558139534884
