"","female","male"
"",0.490740740740741,0.439393939393939
"no",0.0925925925925926,0.128787878787879
"no_answer",0.0833333333333333,0.0833333333333333
"yes",0.333333333333333,0.348484848484849
