"","female","male"
"0",0.981481481481482,0.939393939393939
"1",0.0185185185185185,0.0454545454545455
"2",0,0.00757575757575758
"3",0,0.00757575757575758
