"","female","male"
"0",0.990740740740741,0.984848484848485
"1",0.00925925925925926,0.0151515151515152
