"","female","male"
"0",0.953703703703704,0.893939393939394
"1",0.0462962962962963,0.106060606060606
