"","female","male"
"0",0.75,0.78030303030303
"1",0.25,0.21969696969697
