"","female","male"
"0",0.981481481481482,0.946969696969697
"1",0.0185185185185185,0.053030303030303
