"","female","male"
"0",0.972222222222222,0.924242424242424
"1",0.0277777777777778,0.0757575757575758
