"","female","male"
"0",0.935185185185185,0.96969696969697
"1",0.0648148148148148,0.0303030303030303
