"","female","male"
"0",0.805555555555556,0.871212121212121
"1",0.194444444444444,0.128787878787879
