"","female","male"
"",0.935185185185185,0.96969696969697
"Rain water",0.0277777777777778,0
"Rain water ",0.0277777777777778,0.0303030303030303
"Rain water collected from atree ",0.00925925925925926,0
