"","female","male"
"0",0.972222222222222,0.962121212121212
"1",0.0277777777777778,0.0378787878787879
