"","female","male"
"0",0.592592592592593,0.643939393939394
"1",0.407407407407407,0.356060606060606
