"","female","male"
"",0.101851851851852,0.143939393939394
"no",0.037037037037037,0.0303030303030303
"yes_saw_card",0.444444444444444,0.378787878787879
"yes_without_card",0.416666666666667,0.446969696969697
