"","female","male"
"no",0.212962962962963,0.159090909090909
"yes",0.787037037037037,0.840909090909091
