"","female","male"
"0",0.388888888888889,0.378151260504202
"1",0.522222222222222,0.521008403361345
"2",0.0777777777777778,0.092436974789916
"3",0.0111111111111111,0
"6",0,0.00840336134453781
