"","female","male"
"0",1,0.992424242424242
"1",0,0.00757575757575758
