"","female","male"
"0",0.861111111111111,0.840909090909091
"1",0.138888888888889,0.159090909090909
