"","female","male"
"0",0.935185185185185,0.962121212121212
"1",0.0648148148148148,0.0378787878787879
