"","female","male"
"0",0.824074074074074,0.840909090909091
"1",0.175925925925926,0.159090909090909
