"","female","male"
"0",0.962962962962963,1
"1",0.037037037037037,0
