"","female","male"
"0",0.990740740740741,0.962121212121212
"1",0.00925925925925926,0.0378787878787879
