"","female","male"
"0",0.972222222222222,0.939393939393939
"1",0.0277777777777778,0.0606060606060606
