"","female","male"
"0",0.0462962962962963,0.0303030303030303
"1",0.953703703703704,0.96969696969697
