"","female","male"
"",1,0.992424242424242
"Driver ",0,0.00757575757575758
