"","female","male"
"",0.00925925925925926,0
"clinic",0.296296296296296,0.340909090909091
"district_hospital",0.185185185185185,0.0833333333333333
"hc_ii",0.351851851851852,0.340909090909091
"hc_iii",0.12962962962963,0.204545454545455
"national_referral_hospital",0,0.0151515151515152
"private_hospital",0.00925925925925926,0
"vht",0.0185185185185185,0.0151515151515152
