"","female","male"
"0",0.990740740740741,0.96969696969697
"1",0.00925925925925926,0.0303030303030303
