"","female","male"
"0",0.916666666666667,0.886363636363636
"1",0.0833333333333333,0.113636363636364
