"","female","male"
"no",0.62037037037037,0.590909090909091
"yes",0.37962962962963,0.409090909090909
