"","female","male"
"no",0.574074074074074,0.583333333333333
"yes",0.425925925925926,0.416666666666667
