"","female","male"
"",0.574074074074074,0.583333333333333
"didnt_seek",0.0925925925925926,0.0303030303030303
"unable",0.175925925925926,0.189393939393939
"yes",0.157407407407407,0.196969696969697
