"","female","male"
"0",0.934426229508197,0.835294117647059
"1",0.0655737704918033,0.141176470588235
"2",0,0.0117647058823529
"6",0,0.0117647058823529
