"","female","male"
"no",0.685185185185185,0.560606060606061
"no_answer",0.00925925925925926,0.0227272727272727
"yes",0.305555555555556,0.416666666666667
