"","female","male"
"no",0.509259259259259,0.356060606060606
"yes",0.490740740740741,0.643939393939394
