"","female","male"
"0",0.693548387096774,0.706896551724138
"1",0.306451612903226,0.293103448275862
