"","female","male"
"0",1,0.96551724137931
"1",0,0.0344827586206897
