"","female","male"
"0",0.951612903225806,1
"1",0.0483870967741935,0
