"","female","male"
"0",0.82258064516129,0.689655172413793
"1",0.17741935483871,0.310344827586207
