"","female","male"
"0",0.807692307692308,0.769230769230769
"1",0.192307692307692,0.230769230769231
