"","female","male"
"0",0.935483870967742,0.948275862068966
"1",0.0645161290322581,0.0517241379310345
