"","female","male"
"0",0.790322580645161,0.931034482758621
"1",0.209677419354839,0.0689655172413793
