"","female","male"
"0",0.951612903225806,0.982758620689655
"1",0.0483870967741935,0.0172413793103448
