"","female","male"
"0",0.967741935483871,0.96551724137931
"1",0.032258064516129,0.0344827586206897
