"","female","male"
"0",0.983870967741935,0.982758620689655
"1",0.0161290322580645,0.0172413793103448
