"","female","male"
"0",0.967741935483871,1
"1",0.032258064516129,0
