"","female","male"
"0",0.884615384615385,1
"1",0.115384615384615,0
