"","female","male"
"0",0.967741935483871,0.982758620689655
"1",0.032258064516129,0.0172413793103448
