"","female","male"
"0",0.983870967741935,1
"1",0.0161290322580645,0
