"","female","male"
"0",0.961538461538462,1
"1",0.0384615384615385,0
