"","female","male"
"0",0.580645161290323,0.551724137931034
"1",0.419354838709677,0.448275862068966
