"","female","male"
"0",0.0769230769230769,0.0384615384615385
"1",0.923076923076923,0.961538461538462
