"","female","male"
"",0.990740740740741,1
"Remedial lesson payment",0.00925925925925926,0
