"","female","male"
"0",0.115384615384615,0.346153846153846
"1",0.884615384615385,0.653846153846154
