"","female","male"
"0",0.769230769230769,0.846153846153846
"1",0.230769230769231,0.153846153846154
