"","female","male"
"0",0.115384615384615,0.384615384615385
"1",0.884615384615385,0.615384615384615
