"","female","male"
"0",0.537037037037037,0.659090909090909
"1",0.462962962962963,0.340909090909091
