"","female","male"
"0",0.25,0.295454545454545
"1",0.75,0.704545454545455
