"","female","male"
"0",0.462962962962963,0.401515151515151
"1",0.537037037037037,0.598484848484849
