"","female","male"
"0",0.981481481481482,1
"1",0.0185185185185185,0
