"","female","male"
"0",0.852459016393443,0.858823529411765
"1",0.0983606557377049,0.0823529411764706
"2",0,0.0470588235294118
"3",0.0327868852459016,0.0117647058823529
"5",0.0163934426229508,0
