"","female","male"
"",0,0.0151515151515152
"no",0.444444444444444,0.340909090909091
"no_answer",0.00925925925925926,0
"yes",0.546296296296296,0.643939393939394
