"","female","male"
"no",0.768518518518518,0.848484848484849
"yes",0.231481481481481,0.151515151515152
