"","female","male"
"no",0.574074074074074,0.590909090909091
"yes",0.425925925925926,0.409090909090909
