"","female","male"
"no",0.111111111111111,0.0606060606060606
"yes",0.888888888888889,0.939393939393939
