"","female","male"
"no",0.296296296296296,0.181818181818182
"yes_no_soap_visible",0.37037037037037,0.424242424242424
"yes_saw_soap",0.333333333333333,0.393939393939394
