"","female","male"
"no",0.25,0.325757575757576
"yes",0.75,0.674242424242424
