"","female","male"
"0",0.934426229508197,0.917647058823529
"1",0.0491803278688525,0.0588235294117647
"2",0.0163934426229508,0.0235294117647059
