"","female","male"
"",0.101851851851852,0.0681818181818182
"no",0.12962962962963,0.0833333333333333
"yes",0.768518518518518,0.848484848484849
