"","female","male"
"0",0.910714285714286,0.962025316455696
"1",0.0892857142857143,0.0379746835443038
