"","female","male"
"0",0.642857142857143,0.670886075949367
"1",0.357142857142857,0.329113924050633
