"","female","male"
"0",0.982142857142857,0.936708860759494
"1",0.0178571428571429,0.0632911392405063
