"","female","male"
"",0.231481481481481,0.151515151515152
"no",0.25,0.25
"yes",0.518518518518518,0.598484848484849
