"","female","male"
"0",1,0.949367088607595
"1",0,0.0506329113924051
