"","female","male"
"0",0.535714285714286,0.531645569620253
"1",0.464285714285714,0.468354430379747
