"","female","male"
"0",0.767857142857143,0.784810126582278
"1",0.232142857142857,0.215189873417722
