"","female","male"
"0",0.964285714285714,1
"1",0.0357142857142857,0
