"","female","male"
"0",1,0.987341772151899
"1",0,0.0126582278481013
