"","female","male"
"0",0.714285714285714,0.759493670886076
"1",0.285714285714286,0.240506329113924
