"","female","male"
"0",0.982142857142857,1
"1",0.0178571428571429,0
