"","female","male"
"no",0.166666666666667,0.0606060606060606
"yes",0.833333333333333,0.939393939393939
