"","female","male"
"",0.777777777777778,0.727272727272727
"no",0.194444444444444,0.204545454545455
"yes",0.0277777777777778,0.0681818181818182
