"","female","male"
"0",0.891891891891892,0.893617021276596
"1",0.0810810810810811,0.0638297872340425
"2",0.027027027027027,0.0212765957446809
"3",0,0.0212765957446809
