"","female","male"
"0",0.976190476190476,0.87037037037037
"1",0.0119047619047619,0.0648148148148148
"2",0.0119047619047619,0.0277777777777778
"3",0,0.0277777777777778
"4",0,0.00925925925925926
