"","female","male"
"",0.101851851851852,0.143939393939394
"no",0.240740740740741,0.234848484848485
"no_answer",0.12037037037037,0.0757575757575758
"yes",0.537037037037037,0.545454545454545
