"","female","male"
"no",0.824074074074074,0.78030303030303
"yes",0.175925925925926,0.21969696969697
