"","female","male"
"30_min_or_less",0.296296296296296,0.227272727272727
"above_30mins_below_1hr",0.277777777777778,0.340909090909091
"more_than_1hr",0.425925925925926,0.431818181818182
