"","female","male"
"0",0.971428571428571,0.980392156862745
"1",0.0285714285714286,0.0196078431372549
