"","female","male"
"0",0.914285714285714,0.862745098039216
"1",0.0857142857142857,0.137254901960784
