"","female","male"
"",0.990740740740741,1
"Limit usage   of water in aday",0.00925925925925926,0
