"","female","male"
"1",0.888888888888889,0.931818181818182
"2",0.0740740740740741,0.0606060606060606
"3",0.0185185185185185,0.00757575757575758
"4",0.00925925925925926,0
"7",0.00925925925925926,0
