"","female","male"
"no_answer",0,0.00757575757575758
"yes",1,0.992424242424242
