"","female","male"
"0",0.942857142857143,0.941176470588235
"1",0.0571428571428571,0.0588235294117647
