"","female","male"
"0",0.428571428571429,0.529411764705882
"1",0.571428571428571,0.470588235294118
