"","female","male"
"0",0.971428571428571,1
"1",0.0285714285714286,0
