"","female","male"
"distance",0.138888888888889,0.196969696969697
"distance_queuing",0.314814814814815,0.348484848484849
"none",0.175925925925926,0.136363636363636
"queuing",0.37037037037037,0.318181818181818
