"","female","male"
"0",0.971428571428571,0.92156862745098
"1",0.0285714285714286,0.0784313725490196
