"","female","male"
"",0.101851851851852,0.143939393939394
"no",0.611111111111111,0.613636363636364
"yes",0.287037037037037,0.242424242424242
