"","divorced","married","no_answer","single","widowed"
"",0.916666666666667,0.94,1,1,0.84
"no",0,0.015,0,0,0.04
"yes",0.0833333333333333,0.045,0,0,0.12
