"","divorced","married","no_answer","single","widowed"
"",0.25,0.1,0,0,0.12
"no",0.166666666666667,0.295,0,0.5,0.12
"yes",0.583333333333333,0.605,1,0.5,0.76
