"","divorced","married","no_answer","single","widowed"
"0",0.916666666666667,0.945,1,1,1
"1",0.0833333333333333,0.055,0,0,0
