"","divorced","married","no_answer","single","widowed"
"0",0.833333333333333,0.54,0,0.5,0.56
"1",0.166666666666667,0.46,1,0.5,0.44
