"","divorced","married","no_answer","single","widowed"
"0",0.416666666666667,0.55,1,0,0.44
"1",0.583333333333333,0.45,0,1,0.56
