"","divorced","married","no_answer","single","widowed"
"0",1,0.958549222797927,1,1,0.875
"1",0,0.0259067357512953,0,0,0.125
"3",0,0.0155440414507772,0,0,0
