"","divorced","married","no_answer","single","widowed"
"0",1,0.849740932642487,1,1,0.75
"1",0,0.145077720207254,0,0,0.25
"2",0,0.00518134715025907,0,0,0
