"","divorced","married","no_answer","single","widowed"
"",0.166666666666667,0.125,0,0,0.08
"no",0.75,0.72,1,0.5,0.72
"yes",0.0833333333333333,0.155,0,0.5,0.2
