"","divorced","married","no_answer","single","widowed"
"",0.166666666666667,0.005,0,0,0.04
"no",0.833333333333333,0.82,1,0.5,0.64
"yes",0,0.175,0,0.5,0.32
