"","divorced","married","no_answer","single","widowed"
"",0.166666666666667,0.035,0,0,0.04
"no",0.75,0.705,0,0.5,0.76
"yes",0.0833333333333333,0.26,1,0.5,0.2
