"","divorced","married","no_answer","single","widowed"
"1",1,0.923076923076923,NA,1,1
"2",0,0.0641025641025641,NA,0,0
"3",0,0.0128205128205128,NA,0,0
