"","divorced","married","no_answer","single","widowed"
"0",0.833333333333333,0.635,1,1,0.6
"1",0.166666666666667,0.29,0,0,0.32
"2",0,0.065,0,0,0.08
"3",0,0.01,0,0,0
