"","divorced","married","no_answer","single","widowed"
"0",0.833333333333333,0.83,1,1,0.8
"1",0.0833333333333333,0.16,0,0,0.2
"2",0.0833333333333333,0.01,0,0,0
