"","divorced","married","no_answer","single","widowed"
"0",0.666666666666667,0.685,1,1,0.68
"1",0.333333333333333,0.315,0,0,0.32
