"","divorced","married","no_answer","single","widowed"
"0",0.583333333333333,0.755,0,0,0.68
"1",0.416666666666667,0.245,1,1,0.32
