"","divorced","married","no_answer","single","widowed"
"0",0.833333333333333,0.655,1,1,0.64
"1",0.166666666666667,0.345,0,0,0.36
