"","divorced","married","no_answer","single","widowed"
"0",0.916666666666667,0.935,1,1,1
"1",0.0833333333333333,0.065,0,0,0
