"","divorced","married","no_answer","single","widowed"
"0",0.666666666666667,0.735,1,1,0.8
"1",0.333333333333333,0.265,0,0,0.2
