"","divorced","married","no_answer","single","widowed"
"0",0.583333333333333,0.265,1,1,0.12
"1",0.416666666666667,0.735,0,0,0.88
