"","divorced","married","no_answer","single","widowed"
"0",0.166666666666667,0.125,0,0,0
"1",0.833333333333333,0.875,1,1,1
