"","divorced","married","no_answer","single","widowed"
"0",0.0833333333333333,0.205,0,0,0.4
"1",0.916666666666667,0.795,1,1,0.6
