"","divorced","married","no_answer","single","widowed"
"0",1,0.801526717557252,1,1,1
"1",0,0.16030534351145,0,0,0
"2",0,0.0305343511450382,0,0,0
"3",0,0.00763358778625954,0,0,0
