"","divorced","married","no_answer","single","widowed"
"0",0.25,0.822429906542056,NA,0,0.733333333333333
"1",0.75,0.177570093457944,NA,1,0.266666666666667
