"","divorced","married","no_answer","single","widowed"
"0",0.75,0.495327102803738,NA,0,0.333333333333333
"1",0.25,0.504672897196262,NA,1,0.666666666666667
