"","divorced","married","no_answer","single","widowed"
"0",1,0.831775700934579,NA,1,0.733333333333333
"1",0,0.168224299065421,NA,0,0.266666666666667
