"","divorced","married","no_answer","single","widowed"
"0",0.75,0.850467289719626,NA,1,0.733333333333333
"1",0.25,0.149532710280374,NA,0,0.266666666666667
