"","divorced","married","no_answer","single","widowed"
"0",0.75,0.878504672897196,NA,1,0.933333333333333
"1",0.25,0.121495327102804,NA,0,0.0666666666666667
