"","divorced","married","no_answer","single","widowed"
"1",1,0.888888888888889,NA,1,0.875
"2",0,0.0987654320987654,NA,0,0.125
"3",0,0.0123456790123457,NA,0,0
