"","divorced","married","no_answer","single","widowed"
"0",0.916666666666667,0.785,1,1,0.76
"1",0.0833333333333333,0.215,0,0,0.24
