"","divorced","married","no_answer","single","widowed"
"0",0.833333333333333,0.795,1,1,0.76
"1",0.166666666666667,0.205,0,0,0.24
