"","divorced","married","no_answer","single","widowed"
"0",0.916666666666667,0.865,1,1,0.96
"1",0.0833333333333333,0.135,0,0,0.04
