"","divorced","married","no_answer","single","widowed"
"0",0.333333333333333,0.35,1,1,0.16
"1",0.666666666666667,0.65,0,0,0.84
