"","divorced","married","no_answer","single","widowed"
"0",0.833333333333333,0.71,1,0.5,0.76
"1",0.166666666666667,0.29,0,0.5,0.24
