"","divorced","married","no_answer","single","widowed"
"0",0.666666666666667,0.78,1,1,0.88
"1",0.333333333333333,0.22,0,0,0.12
