"","divorced","married","no_answer","single","widowed"
"0",0.666666666666667,0.57,1,1,0.48
"1",0.333333333333333,0.43,0,0,0.52
