"","divorced","married","no_answer","single","widowed"
"0",0.666666666666667,0.465,1,0.5,0.2
"1",0.333333333333333,0.535,0,0.5,0.8
