"","divorced","married","no_answer","single","widowed"
"0",0.833333333333333,0.885,0,1,0.96
"1",0.166666666666667,0.115,1,0,0.04
