"","divorced","married","no_answer","single","widowed"
"1",1,0.930555555555556,NA,1,1
"2",0,0.0555555555555556,NA,0,0
"3",0,0.0138888888888889,NA,0,0
