"","divorced","married","no_answer","single","widowed"
"0",0.666666666666667,0.625,1,0,0.6
"1",0.333333333333333,0.375,0,1,0.4
