"","divorced","married","no_answer","single","widowed"
"0",0.75,0.868686868686869,NA,1,0.8125
"1",0.25,0.131313131313131,NA,0,0.1875
