"","divorced","married","no_answer","single","widowed"
"0",0.583333333333333,0.625,1,1,0.4
"1",0.416666666666667,0.375,0,0,0.6
