"","divorced","married","no_answer","single","widowed"
"0",0.333333333333333,0.28,0,0,0.24
"1",0.666666666666667,0.72,1,1,0.76
