"","divorced","married","no_answer","single","widowed"
"0",1,0.931297709923664,1,1,0.8
"1",0,0.0534351145038168,0,0,0.1
"2",0,0.0152671755725191,0,0,0.1
