"","divorced","married","no_answer","single","widowed"
"0",0.8,0.652542372881356,NA,NA,0.666666666666667
"1",0.2,0.347457627118644,NA,NA,0.333333333333333
