"","divorced","married","no_answer","single","widowed"
"0",0.8,0.949152542372881,NA,NA,0.916666666666667
"1",0.2,0.0508474576271186,NA,NA,0.0833333333333333
