"","divorced","married","no_answer","single","widowed"
"0",0.8,0.508474576271186,NA,NA,0.666666666666667
"1",0.2,0.491525423728814,NA,NA,0.333333333333333
