"","divorced","married","no_answer","single","widowed"
"0",0.8,0.771186440677966,NA,NA,0.416666666666667
"1",0.2,0.228813559322034,NA,NA,0.583333333333333
