"","divorced","married","no_answer","single","widowed"
"",0.25,0.175,1,0.5,0.2
"no",0.333333333333333,0.235,0,0.5,0.32
"yes",0.416666666666667,0.59,0,0,0.48
