"","divorced","married","no_answer","single","widowed"
"0",1,0.991525423728814,NA,NA,0.916666666666667
"1",0,0.00847457627118644,NA,NA,0.0833333333333333
